time,setup_time,break_time,setup_type,ob_high,ob_low,ob_type,zone,equilibrium,trend,sweep_time,sweep_level,structure_break_type,trend_ok,swing_ok,liquidity_ok,sweep_ok,structure_break_ok,order_block_ok,retest_ok,premium_discount_ok,confirmation_ok
2026-08-01 10:20:00+00:00,2026-08-01 10:20:00+00:00,2026-08-01 10:20:00+00:00,short,190999.88,190412.163,bearish,premium,190181.0485,BEARISH,2026-08-01 08:05:00+00:00,192040.00199999998,bos_bearish,True,True,True,True,True,True,False,True,False
2026-08-01 23:20:00+00:00,2026-08-01 23:20:00+00:00,2026-08-01 23:20:00+00:00,long,185043.452,184540.985,bullish,discount,186565.1685,BULLISH,2026-08-01 15:20:00+00:00,189006.832,bos_bullish,True,True,True,True,True,True,False,True,False
2026-08-02 05:30:00+00:00,2026-08-02 05:30:00+00:00,2026-08-02 05:30:00+00:00,long,181764.68,181299.958,bullish,discount,182547.778,BULLISH,2026-08-02 04:05:00+00:00,180150.19400000002,bos_bullish,True,True,True,True,True,True,False,True,False
2026-08-02 11:40:00+00:00,2026-08-02 11:40:00+00:00,2026-08-02 11:40:00+00:00,long,180616.231,180122.553,bullish,discount,181284.19400000002,BULLISH,2026-08-02 04:05:00+00:00,180150.19400000002,bos_bullish,True,True,True,True,True,True,False,True,False
2026-08-03 05:55:00+00:00,2026-08-03 05:55:00+00:00,2026-08-03 05:55:00+00:00,long,184104.196,183334.63,bullish,discount,185908.68349999998,BULLISH,2026-08-03 05:35:00+00:00,183064.1225,choch_bullish,True,True,True,True,True,True,False,True,False
2026-08-03 07:35:00+00:00,2026-08-03 07:35:00+00:00,2026-08-03 07:35:00+00:00,long,184143.059,183592.466,bullish,discount,185908.68349999998,BULLISH,2026-08-03 06:55:00+00:00,183209.26,bos_bullish,True,True,True,True,True,True,False,True,False
2026-08-03 17:25:00+00:00,2026-08-03 17:25:00+00:00,2026-08-03 17:25:00+00:00,long,187609.49,186760.333,bullish,discount,187338.0835,BULLISH,2026-08-03 16:35:00+00:00,185791.277,bos_bullish,True,True,True,True,True,True,False,True,False
2026-08-03 22:40:00+00:00,2026-08-03 22:40:00+00:00,2026-08-03 22:40:00+00:00,short,188910.406,188049.879,bearish,premium,187918.602,BEARISH,2026-08-03 22:25:00+00:00,189786.24599999998,bos_bearish,True,True,True,True,True,True,False,True,False
2026-08-03 23:30:00+00:00,2026-08-03 23:30:00+00:00,2026-08-03 23:30:00+00:00,long,188203.854,187109.971,bullish,discount,188411.47,BULLISH,2026-08-03 22:40:00+00:00,187079.7355,choch_bullish,True,True,True,True,True,True,False,True,False
2026-08-04 01:10:00+00:00,2026-08-04 01:10:00+00:00,2026-08-04 01:10:00+00:00,long,189073.717,188214.313,bullish,discount,188750.648,BULLISH,2026-08-03 22:40:00+00:00,187079.7355,choch_bullish,True,True,True,True,True,True,False,True,False
2026-08-04 23:00:00+00:00,2026-08-04 23:00:00+00:00,2026-08-04 23:00:00+00:00,long,175165.215,174790.245,bullish,discount,181035.91999999998,BULLISH,2026-08-04 15:55:00+00:00,183209.26,bos_bullish,True,True,True,True,True,True,False,True,False
2026-08-05 13:30:00+00:00,2026-08-05 13:30:00+00:00,2026-08-05 13:30:00+00:00,long,178360.681,177531.841,bullish,discount,178768.436,BULLISH,2026-08-05 13:10:00+00:00,176564.4975,bos_bullish,True,True,True,True,True,True,False,True,False
2026-08-05 19:45:00+00:00,2026-08-05 19:45:00+00:00,2026-08-05 19:45:00+00:00,long,173752.634,173203.687,bullish,discount,176469.93699999998,BULLISH,2026-08-05 19:05:00+00:00,173161.1345,choch_bullish,True,True,True,True,True,True,False,True,False
2026-08-05 20:30:00+00:00,2026-08-05 20:30:00+00:00,2026-08-05 20:30:00+00:00,long,174285.936,173541.029,bullish,discount,176469.93699999998,BULLISH,2026-08-05 20:25:00+00:00,173422.2975,bos_bullish,True,True,True,True,True,True,False,True,False
2026-08-06 03:05:00+00:00,2026-08-06 03:05:00+00:00,2026-08-06 03:05:00+00:00,short,181339.127,180233.52,bearish,premium,177952.84999999998,BEARISH,2026-08-06 01:50:00+00:00,182547.1265,bos_bearish,True,True,True,True,True,True,False,True,False
2026-08-07 03:05:00+00:00,2026-08-07 03:05:00+00:00,2026-08-07 03:05:00+00:00,short,195288.225,194573.377,bearish,premium,194388.662,BEARISH,2026-08-06 20:10:00+00:00,194130.861,bos_bearish,True,True,True,True,True,True,False,True,False
2026-08-07 10:15:00+00:00,2026-08-07 10:15:00+00:00,2026-08-07 10:15:00+00:00,long,195164.083,194463.854,bullish,discount,195604.69,BULLISH,2026-08-07 07:50:00+00:00,193367.5305,choch_bullish,True,True,True,True,True,True,False,True,False
2026-08-07 20:30:00+00:00,2026-08-07 20:30:00+00:00,2026-08-07 20:30:00+00:00,short,200825.365,199978.973,bearish,premium,199812.30599999998,BEARISH,2026-08-07 19:55:00+00:00,201030.3565,bos_bearish,True,True,True,True,True,True,False,True,False
2026-08-08 05:05:00+00:00,2026-08-08 05:05:00+00:00,2026-08-08 05:05:00+00:00,long,196606.953,195418.064,bullish,discount,197952.27899999998,BULLISH,2026-08-08 03:20:00+00:00,193196.12800000003,bos_bullish,True,True,True,True,True,True,False,True,False
2026-08-08 12:40:00+00:00,2026-08-08 12:40:00+00:00,2026-08-08 12:40:00+00:00,long,194039.801,193178.16,bullish,discount,194323.57299999997,BULLISH,2026-08-08 12:00:00+00:00,191714.724,bos_bullish,True,True,True,True,True,True,False,True,False
2026-08-08 17:10:00+00:00,2026-08-08 17:10:00+00:00,2026-08-08 17:10:00+00:00,long,194618.033,193954.662,bullish,discount,194455.724,BULLISH,2026-08-08 15:55:00+00:00,193623.3455,choch_bullish,True,True,True,True,True,True,False,True,False
2026-08-09 00:50:00+00:00,2026-08-09 00:50:00+00:00,2026-08-09 00:50:00+00:00,long,186791.626,185851.93,bullish,discount,191704.4105,BULLISH,2026-08-09 00:40:00+00:00,186260.088,bos_bullish,True,True,True,True,True,True,False,True,False
2026-08-09 05:00:00+00:00,2026-08-09 05:00:00+00:00,2026-08-09 05:00:00+00:00,long,186808.235,185703.123,bullish,discount,188151.2395,BULLISH,2026-08-09 00:40:00+00:00,186260.088,bos_bullish,True,True,True,True,True,True,False,True,False
2026-08-10 02:05:00+00:00,2026-08-10 02:05:00+00:00,2026-08-10 02:05:00+00:00,short,179442.423,178975.634,bearish,premium,178254.7065,BEARISH,2026-08-10 00:00:00+00:00,179032.24,bos_bearish,True,True,True,True,True,True,False,True,False
2026-08-10 16:55:00+00:00,2026-08-10 16:55:00+00:00,2026-08-10 16:55:00+00:00,long,177953.579,177066.679,bullish,discount,179709.861,BULLISH,2026-08-10 16:20:00+00:00,178447.90649999998,choch_bullish,True,True,True,True,True,True,False,True,False
2026-08-10 22:55:00+00:00,2026-08-10 22:55:00+00:00,2026-08-10 22:55:00+00:00,long,179559.951,178916.755,bullish,discount,179650.7685,BULLISH,2026-08-10 21:40:00+00:00,177038.294,bos_bullish,True,True,True,True,True,True,False,True,False
2026-08-11 11:05:00+00:00,2026-08-11 11:05:00+00:00,2026-08-11 11:05:00+00:00,short,189155.894,188626.04,bearish,premium,188237.82549999998,BEARISH,2026-08-11 08:40:00+00:00,193551.7665,bos_bearish,True,True,True,True,True,True,False,True,False
2026-08-11 19:50:00+00:00,2026-08-11 19:50:00+00:00,2026-08-11 19:50:00+00:00,long,179691.154,179192.384,bullish,discount,182804.8455,BULLISH,2026-08-11 15:25:00+00:00,182809.50400000002,choch_bullish,True,True,True,True,True,True,False,True,False
2026-08-11 21:25:00+00:00,2026-08-11 21:25:00+00:00,2026-08-11 21:25:00+00:00,long,181505.724,180909.037,bullish,discount,181408.834,BULLISH,2026-08-11 15:25:00+00:00,182809.50400000002,bos_bullish,True,True,True,True,True,True,False,True,False
2026-08-12 00:55:00+00:00,2026-08-12 00:55:00+00:00,2026-08-12 00:55:00+00:00,long,176156.219,175517.201,bullish,discount,179113.65600000002,BULLISH,2026-08-11 23:25:00+00:00,173422.2975,bos_bullish,True,True,True,True,True,True,False,True,False
2026-08-12 01:25:00+00:00,2026-08-12 01:25:00+00:00,2026-08-12 01:25:00+00:00,long,176556.635,175775.75,bullish,discount,178880.915,BULLISH,2026-08-11 23:25:00+00:00,173422.2975,bos_bullish,True,True,True,True,True,True,False,True,False
2026-08-12 02:00:00+00:00,2026-08-12 02:00:00+00:00,2026-08-12 02:00:00+00:00,long,175998.646,175525.837,bullish,discount,177677.2195,BULLISH,2026-08-12 01:25:00+00:00,177038.294,choch_bullish,True,True,True,True,True,True,False,True,False
2026-08-12 09:30:00+00:00,2026-08-12 09:30:00+00:00,2026-08-12 09:30:00+00:00,long,177115.156,176452.143,bullish,discount,178556.70750000002,BULLISH,2026-08-12 08:40:00+00:00,175905.752,choch_bullish,True,True,True,True,True,True,False,True,False
2026-08-12 19:35:00+00:00,2026-08-12 19:35:00+00:00,2026-08-12 19:35:00+00:00,long,171340.62,170695.329,bullish,discount,172695.4475,BULLISH,2026-08-12 16:20:00+00:00,172241.528,bos_bullish,True,True,True,True,True,True,False,True,False
2026-08-12 20:10:00+00:00,2026-08-12 20:10:00+00:00,2026-08-12 20:10:00+00:00,long,172711.655,171849.18,bullish,discount,172565.273,BULLISH,2026-08-12 16:20:00+00:00,172241.528,bos_bullish,True,True,True,True,True,True,False,True,False
2026-08-13 01:50:00+00:00,2026-08-13 01:50:00+00:00,2026-08-13 01:50:00+00:00,short,178271.555,177814.572,bearish,premium,174570.6735,BEARISH,2026-08-12 23:45:00+00:00,180022.2595,bos_bearish,True,True,True,True,True,True,False,True,False
2026-08-13 05:15:00+00:00,2026-08-13 05:15:00+00:00,2026-08-13 05:15:00+00:00,short,179969.153,179069.991,bearish,premium,176655.347,BEARISH,2026-08-13 04:50:00+00:00,180075.00050000002,choch_bearish,True,True,True,True,True,True,False,True,False
2026-08-13 11:55:00+00:00,2026-08-13 11:55:00+00:00,2026-08-13 11:55:00+00:00,short,184475.309,183420.846,bearish,premium,180903.28600000002,BEARISH,2026-08-13 11:20:00+00:00,183578.794,choch_bearish,True,True,True,True,True,True,False,True,False
2026-08-13 12:20:00+00:00,2026-08-13 12:20:00+00:00,2026-08-13 12:20:00+00:00,short,182866.228,181871.875,bearish,premium,181601.19400000002,BEARISH,2026-08-13 11:20:00+00:00,183578.794,bos_bearish,True,True,True,True,True,True,False,True,False
2026-08-14 01:40:00+00:00,2026-08-14 01:40:00+00:00,2026-08-14 01:40:00+00:00,long,172026.76,171591.74,bullish,discount,175506.2395,BULLISH,2026-08-13 23:35:00+00:00,170778.0765,bos_bullish,True,True,True,True,True,True,False,True,False
2026-08-14 04:35:00+00:00,2026-08-14 04:35:00+00:00,2026-08-14 04:35:00+00:00,long,172989.718,172540.115,bullish,discount,173296.338,BULLISH,2026-08-13 23:35:00+00:00,170778.0765,choch_bullish,True,True,True,True,True,True,False,True,False
2026-08-14 11:05:00+00:00,2026-08-14 11:05:00+00:00,2026-08-14 11:05:00+00:00,long,169849.752,169252.134,bullish,discount,171549.1065,BULLISH,2026-08-14 11:00:00+00:00,170778.0765,bos_bullish,True,True,True,True,True,True,False,True,False
2026-08-14 11:45:00+00:00,2026-08-14 11:45:00+00:00,2026-08-14 11:45:00+00:00,long,170570.365,169776.173,bullish,discount,171299.778,BULLISH,2026-08-14 11:00:00+00:00,170778.0765,bos_bullish,True,True,True,True,True,True,False,True,False
2026-08-16 06:20:00+00:00,2026-08-16 06:20:00+00:00,2026-08-16 06:20:00+00:00,long,178789.71,178090.948,bullish,discount,179707.764,BULLISH,2026-08-16 05:25:00+00:00,177336.7205,bos_bullish,True,True,True,True,True,True,False,True,False
2026-08-16 17:40:00+00:00,2026-08-16 17:40:00+00:00,2026-08-16 17:40:00+00:00,short,185987.338,185437.052,bearish,premium,183780.62949999998,BEARISH,2026-08-16 14:10:00+00:00,186996.8295,bos_bearish,True,True,True,True,True,True,False,True,False
2026-08-16 18:15:00+00:00,2026-08-16 18:15:00+00:00,2026-08-16 18:15:00+00:00,short,185819.3,185156.406,bearish,premium,184562.912,BEARISH,2026-08-16 14:10:00+00:00,186996.8295,bos_bearish,True,True,True,True,True,True,False,True,False
2026-08-16 22:25:00+00:00,2026-08-16 22:25:00+00:00,2026-08-16 22:25:00+00:00,long,184323.743,183670.935,bullish,discount,186320.802,BULLISH,2026-08-16 21:55:00+00:00,183050.038,choch_bullish,True,True,True,True,True,True,False,True,False
2026-08-16 23:30:00+00:00,2026-08-16 23:30:00+00:00,2026-08-16 23:30:00+00:00,long,184453.31,184018.421,bullish,discount,186228.7855,BULLISH,2026-08-16 21:55:00+00:00,183050.038,choch_bullish,True,True,True,True,True,True,False,True,False
2026-08-17 05:40:00+00:00,2026-08-17 05:40:00+00:00,2026-08-17 05:40:00+00:00,long,185541.998,185146.31,bullish,discount,185906.649,BULLISH,2026-08-16 21:55:00+00:00,183050.038,choch_bullish,True,True,True,True,True,True,False,True,False
2026-08-18 10:25:00+00:00,2026-08-18 10:25:00+00:00,2026-08-18 10:25:00+00:00,long,190913.261,190113.507,bullish,discount,193726.336,BULLISH,2026-08-18 10:20:00+00:00,190227.556,choch_bullish,True,True,True,True,True,True,False,True,False
2026-08-18 15:30:00+00:00,2026-08-18 15:30:00+00:00,2026-08-18 15:30:00+00:00,long,188270.386,187871.989,bullish,discount,189265.3515,BULLISH,2026-08-18 12:10:00+00:00,190227.556,bos_bullish,True,True,True,True,True,True,False,True,False
2026-08-19 05:45:00+00:00,2026-08-19 05:45:00+00:00,2026-08-19 05:45:00+00:00,short,202096.47,201414.103,bearish,premium,198793.0065,BEARISH,2026-08-19 04:00:00+00:00,204507.10700000002,bos_bearish,True,True,True,True,True,True,False,True,False
2026-08-20 12:40:00+00:00,2026-08-20 12:40:00+00:00,2026-08-20 12:40:00+00:00,short,206828.848,206013.917,bearish,premium,205389.3675,BEARISH,2026-08-20 10:20:00+00:00,209445.992,bos_bearish,True,True,True,True,True,True,False,True,False
2026-08-20 18:55:00+00:00,2026-08-20 18:55:00+00:00,2026-08-20 18:55:00+00:00,long,204319.656,203728.977,bullish,discount,206113.6975,BULLISH,2026-08-20 18:20:00+00:00,202376.9835,choch_bullish,True,True,True,True,True,True,False,True,False
2026-08-20 19:55:00+00:00,2026-08-20 19:55:00+00:00,2026-08-20 19:55:00+00:00,long,206437.398,205418.703,bullish,discount,206113.6975,BULLISH,2026-08-20 18:20:00+00:00,202376.9835,bos_bullish,True,True,True,True,True,True,False,True,False
2026-08-20 22:35:00+00:00,2026-08-20 22:35:00+00:00,2026-08-20 22:35:00+00:00,short,207801.754,207112.088,bearish,premium,206113.6975,BEARISH,2026-08-20 22:10:00+00:00,207797.097,bos_bearish,True,True,True,True,True,True,False,True,False
2026-08-20 23:05:00+00:00,2026-08-20 23:05:00+00:00,2026-08-20 23:05:00+00:00,short,207659.268,206454.035,bearish,premium,206113.6975,BEARISH,2026-08-20 22:10:00+00:00,207797.097,bos_bearish,True,True,True,True,True,True,False,True,False
2026-08-21 10:50:00+00:00,2026-08-21 10:50:00+00:00,2026-08-21 10:50:00+00:00,short,216426.487,215479.619,bearish,premium,214025.582,BEARISH,2026-08-21 10:00:00+00:00,217703.642,bos_bearish,True,True,True,True,True,True,False,True,False
2026-08-22 03:50:00+00:00,2026-08-22 03:50:00+00:00,2026-08-22 03:50:00+00:00,long,197828.877,196997.261,bullish,discount,197690.46149999998,BULLISH,2026-08-22 00:30:00+00:00,196237.602,bos_bullish,True,True,True,True,True,True,False,True,False
2026-08-22 11:20:00+00:00,2026-08-22 11:20:00+00:00,2026-08-22 11:20:00+00:00,long,197730.869,197003.585,bullish,discount,198164.09350000002,BULLISH,2026-08-22 08:25:00+00:00,198275.8965,choch_bullish,True,True,True,True,True,True,False,True,False
2026-08-23 08:30:00+00:00,2026-08-23 08:30:00+00:00,2026-08-23 08:30:00+00:00,long,192752.52,191922.494,bullish,discount,194164.447,BULLISH,2026-08-23 05:25:00+00:00,193101.5805,bos_bullish,True,True,True,True,True,True,False,True,False
2026-08-23 10:30:00+00:00,2026-08-23 10:30:00+00:00,2026-08-23 10:30:00+00:00,long,192554.234,191913.745,bullish,discount,194164.447,BULLISH,2026-08-23 05:25:00+00:00,193101.5805,choch_bullish,True,True,True,True,True,True,False,True,False
2026-08-23 11:15:00+00:00,2026-08-23 11:15:00+00:00,2026-08-23 11:15:00+00:00,long,193685.372,193126.745,bullish,discount,194095.41749999998,BULLISH,2026-08-23 05:25:00+00:00,193101.5805,bos_bullish,True,True,True,True,True,True,False,True,False
2026-08-23 13:20:00+00:00,2026-08-23 13:20:00+00:00,2026-08-23 13:20:00+00:00,long,192989.613,192370.971,bullish,discount,193578.26049999997,BULLISH,2026-08-23 05:25:00+00:00,193101.5805,choch_bullish,True,True,True,True,True,True,False,True,False
2026-08-23 18:35:00+00:00,2026-08-23 18:35:00+00:00,2026-08-23 18:35:00+00:00,short,193611.663,192961.628,bearish,premium,193197.52049999998,BEARISH,2026-08-23 18:15:00+00:00,193667.51,choch_bearish,True,True,True,True,True,True,False,True,False
