setup_time,retest_time,confirmation_time,entry_time,setup_type,confirmation_type,ob_high,ob_low,entry_price,stop_loss,candle_open,candle_high,candle_low,candle_close,previous_high,previous_low,candles_to_retest,candles_to_confirmation,zone,equilibrium,risk,reward,take_profit,risk_reward_ratio,trade_valid,direction,valid,trend_ok,swing_ok,liquidity_ok,sweep_ok,structure_break_ok,order_block_ok,retest_ok,premium_discount_ok,confirmation_ok,result,exit_time,exit_price,bars_held,planned_rr,realized_rr,reason
2026-08-01 10:20:00+00:00,2026-08-01 10:40:00+00:00,2026-08-01 11:05:00+00:00,2026-08-01 11:05:00+00:00,short,bearish_retest_break,190999.88,190412.163,189068.367,190999.88,189875.185,189931.632,188985.975,189068.367,190313.668,189729.648,4,9,premium,190181.0485,1931.513,3863.026,185205.341,2.0,True,SELL,True,True,True,True,True,True,True,True,True,True,LOSS,2026-08-01 11:35:00+00:00,190999.88,6,2.0,-1.0,Stop Loss alcanzado.
2026-08-02 05:30:00+00:00,2026-08-02 06:35:00+00:00,2026-08-02 07:10:00+00:00,2026-08-02 07:10:00+00:00,long,bullish_retest_break,181764.68,181299.958,181922.604,181299.958,181704.247,182253.966,181648.768,181922.604,181892.748,181286.153,13,20,discount,182547.778,622.646,1245.292,183167.896,2.0,True,BUY,True,True,True,True,True,True,True,True,True,True,LOSS,2026-08-02 07:40:00+00:00,181299.958,6,2.0,-1.0,Stop Loss alcanzado.
2026-08-03 05:55:00+00:00,2026-08-03 06:40:00+00:00,2026-08-03 06:55:00+00:00,2026-08-03 06:55:00+00:00,long,bullish_retest_break,184104.196,183334.63,183774.111,183334.63,183249.674,183905.995,183104.9,183774.111,183718.589,183123.213,9,12,discount,185908.6835,439.481,878.962,184653.073,2.0,True,BUY,True,True,True,True,True,True,True,True,True,True,WIN,2026-08-03 07:05:00+00:00,184653.073,2,2.0,2.0,Take Profit alcanzado.
2026-08-03 17:25:00+00:00,2026-08-03 17:30:00+00:00,2026-08-03 17:40:00+00:00,2026-08-03 17:40:00+00:00,long,bullish_retest_break,187609.49,186760.333,188815.246,186760.333,187742.56,188815.246,187674.72,188815.246,188183.314,187621.024,1,3,discount,187338.0835,2054.913,4109.826,192925.072,2.0,True,BUY,True,True,True,True,True,True,True,True,True,True,LOSS,2026-08-03 19:45:00+00:00,186760.333,25,2.0,-1.0,Stop Loss alcanzado.
2026-08-03 22:40:00+00:00,2026-08-03 22:45:00+00:00,2026-08-03 23:10:00+00:00,2026-08-03 23:10:00+00:00,short,bearish_retest_break,188910.406,188049.879,188211.676,188910.406,188533.814,188533.814,187898.095,188211.676,189346.082,188489.15,1,6,premium,187918.602,698.73,1397.46,186814.216,2.0,True,SELL,True,True,True,True,True,True,True,True,True,True,LOSS,2026-08-03 23:25:00+00:00,188910.406,3,2.0,-1.0,Stop Loss alcanzado.
2026-08-03 23:30:00+00:00,2026-08-04 00:15:00+00:00,2026-08-04 00:25:00+00:00,2026-08-04 00:25:00+00:00,long,bullish_retest_break,188203.854,187109.971,188834.886,187109.971,187751.275,188864.401,187738.426,188834.886,188300.05,187667.572,9,11,discount,188411.47,1724.915,3449.83,192284.716,2.0,True,BUY,True,True,True,True,True,True,True,True,True,True,WIN,2026-08-04 01:20:00+00:00,192284.716,11,2.0,2.0,Take Profit alcanzado.
2026-08-04 01:10:00+00:00,2026-08-04 02:45:00+00:00,2026-08-04 03:00:00+00:00,2026-08-04 03:00:00+00:00,long,bullish_retest_break,189073.717,188214.313,189054.927,188214.313,188430.311,189194.58,188430.311,189054.927,188829.464,188119.564,19,22,discount,188750.648,840.614,1681.228,190736.155,2.0,True,BUY,True,True,True,True,True,True,True,True,True,True,LOSS,2026-08-04 03:15:00+00:00,188214.313,3,2.0,-1.0,Stop Loss alcanzado.
2026-08-05 13:30:00+00:00,2026-08-05 13:35:00+00:00,2026-08-05 13:50:00+00:00,2026-08-05 13:50:00+00:00,long,bullish_retest_break,178360.681,177531.841,178771.444,177531.841,178335.033,179037.511,178271.224,178771.444,178422.67,178061.239,1,4,discount,178768.436,1239.603,2479.206,181250.65,2.0,True,BUY,True,True,True,True,True,True,True,True,True,True,LOSS,2026-08-05 14:45:00+00:00,177531.841,11,2.0,-1.0,Stop Loss alcanzado.
2026-08-05 19:45:00+00:00,2026-08-05 19:55:00+00:00,2026-08-05 20:05:00+00:00,2026-08-05 20:05:00+00:00,long,bullish_retest_break,173752.634,173203.687,174084.308,173203.687,173504.348,174177.009,173504.348,174084.308,173993.681,173526.61,2,4,discount,176469.93699999998,880.621,1761.242,175845.55,2.0,True,BUY,True,True,True,True,True,True,True,True,True,True,WIN,2026-08-05 21:00:00+00:00,175845.55,11,2.0,2.0,Take Profit alcanzado.
2026-08-05 20:30:00+00:00,2026-08-05 20:35:00+00:00,2026-08-05 20:40:00+00:00,2026-08-05 20:40:00+00:00,long,bullish_retest_break,174285.936,173541.029,175695.406,173541.029,174737.075,175695.406,174659.099,175695.406,174929.352,174189.392,1,2,discount,176469.93699999998,2154.377,4308.754,180004.16,2.0,True,BUY,True,True,True,True,True,True,True,True,True,True,WIN,2026-08-05 22:00:00+00:00,180004.16,16,2.0,2.0,Take Profit alcanzado.
2026-08-07 03:05:00+00:00,2026-08-07 03:55:00+00:00,2026-08-07 04:15:00+00:00,2026-08-07 04:15:00+00:00,short,bearish_retest_break,195288.225,194573.377,195218.79,195288.225,195894.116,195924.339,195129.101,195218.79,195969.823,195411.183,10,14,premium,194388.662,69.435,138.87,195079.92,2.0,True,SELL,True,True,True,True,True,True,True,True,True,True,AMBIGUOUS,2026-08-07 04:20:00+00:00,,1,2.0,0.0,Stop Loss y Take Profit fueron alcanzados en la misma vela.
2026-08-07 20:30:00+00:00,2026-08-07 20:35:00+00:00,2026-08-07 20:55:00+00:00,2026-08-07 20:55:00+00:00,short,bearish_retest_break,200825.365,199978.973,200162.283,200825.365,200577.887,200849.058,200130.741,200162.283,200721.172,200337.253,1,5,premium,199812.306,663.082,1326.164,198836.119,2.0,True,SELL,True,True,True,True,True,True,True,True,True,True,WIN,2026-08-07 22:25:00+00:00,198836.119,18,2.0,2.0,Take Profit alcanzado.
2026-08-08 12:40:00+00:00,2026-08-08 13:10:00+00:00,2026-08-08 13:25:00+00:00,2026-08-08 13:25:00+00:00,long,bullish_retest_break,194039.801,193178.16,194577.652,193178.16,193960.298,194628.541,193862.356,194577.652,194405.881,193909.615,6,9,discount,194323.573,1399.492,2798.984,197376.636,2.0,True,BUY,True,True,True,True,True,True,True,True,True,True,WIN,2026-08-08 15:25:00+00:00,197376.636,24,2.0,2.0,Take Profit alcanzado.
2026-08-09 00:50:00+00:00,2026-08-09 01:05:00+00:00,2026-08-09 01:15:00+00:00,2026-08-09 01:15:00+00:00,long,bullish_retest_break,186791.626,185851.93,187644.568,185851.93,186927.203,187828.762,186927.203,187644.568,187220.332,186854.113,3,5,discount,191704.4105,1792.638,3585.276,191229.844,2.0,True,BUY,True,True,True,True,True,True,True,True,True,True,LOSS,2026-08-09 01:40:00+00:00,185851.93,5,2.0,-1.0,Stop Loss alcanzado.
2026-08-09 05:00:00+00:00,2026-08-09 05:15:00+00:00,2026-08-09 06:10:00+00:00,2026-08-09 06:10:00+00:00,long,bullish_retest_break,186808.235,185703.123,186315.053,185703.123,185561.857,186545.391,185553.709,186315.053,185869.831,185259.82,3,14,discount,188151.2395,611.93,1223.86,187538.913,2.0,True,BUY,True,True,True,True,True,True,True,True,True,True,LOSS,2026-08-09 06:20:00+00:00,185703.123,2,2.0,-1.0,Stop Loss alcanzado.
2026-08-10 02:05:00+00:00,2026-08-10 03:20:00+00:00,2026-08-10 03:35:00+00:00,2026-08-10 03:35:00+00:00,short,bearish_retest_break,179442.423,178975.634,178386.095,179442.423,179264.293,179454.397,178300.713,178386.095,179526.491,179026.452,15,18,premium,178254.7065,1056.328,2112.656,176273.439,2.0,True,SELL,True,True,True,True,True,True,True,True,True,True,LOSS,2026-08-10 03:45:00+00:00,179442.423,2,2.0,-1.0,Stop Loss alcanzado.
2026-08-10 16:55:00+00:00,2026-08-10 20:00:00+00:00,2026-08-10 20:10:00+00:00,2026-08-10 20:10:00+00:00,long,bullish_retest_break,177953.579,177066.679,178601.763,177066.679,178146.258,178653.517,178146.258,178601.763,178158.948,177240.171,37,39,discount,179709.861,1535.084,3070.168,181671.931,2.0,True,BUY,True,True,True,True,True,True,True,True,True,True,LOSS,2026-08-10 21:05:00+00:00,177066.679,11,2.0,-1.0,Stop Loss alcanzado.
2026-08-10 22:55:00+00:00,2026-08-10 23:00:00+00:00,2026-08-10 23:05:00+00:00,2026-08-10 23:05:00+00:00,long,bullish_retest_break,179559.951,178916.755,181034.877,178916.755,180243.591,181126.917,180175.651,181034.877,180285.868,179550.843,1,2,discount,179650.7685,2118.122,4236.244,185271.121,2.0,True,BUY,True,True,True,True,True,True,True,True,True,True,LOSS,2026-08-11 00:00:00+00:00,178916.755,11,2.0,-1.0,Stop Loss alcanzado.
2026-08-11 19:50:00+00:00,2026-08-11 20:35:00+00:00,2026-08-11 20:40:00+00:00,2026-08-11 20:40:00+00:00,long,bullish_retest_break,179691.154,179192.384,180835.03,179192.384,180233.819,181044.012,180233.819,180835.03,180295.952,179635.704,9,10,discount,182804.8455,1642.646,3285.292,184120.322,2.0,True,BUY,True,True,True,True,True,True,True,True,True,True,LOSS,2026-08-11 21:45:00+00:00,179192.384,13,2.0,-1.0,Stop Loss alcanzado.
2026-08-12 00:55:00+00:00,2026-08-12 01:05:00+00:00,2026-08-12 01:25:00+00:00,2026-08-12 01:25:00+00:00,long,bullish_retest_break,176156.219,175517.201,177110.381,175517.201,176480.069,177129.382,176463.118,177110.381,176754.187,176244.829,2,6,discount,179113.65600000002,1593.18,3186.36,180296.741,2.0,True,BUY,True,True,True,True,True,True,True,True,True,True,LOSS,2026-08-12 01:50:00+00:00,175517.201,5,2.0,-1.0,Stop Loss alcanzado.
2026-08-12 01:25:00+00:00,2026-08-12 01:30:00+00:00,2026-08-12 01:55:00+00:00,2026-08-12 01:55:00+00:00,long,bullish_retest_break,176556.635,175775.75,176723.26,175775.75,175848.114,176880.377,175848.114,176723.26,175937.181,175106.098,1,6,discount,178880.915,947.51,1895.02,178618.28,2.0,True,BUY,True,True,True,True,True,True,True,True,True,True,WIN,2026-08-12 02:10:00+00:00,178618.28,3,2.0,2.0,Take Profit alcanzado.
2026-08-12 02:00:00+00:00,2026-08-12 02:25:00+00:00,2026-08-12 02:30:00+00:00,2026-08-12 02:30:00+00:00,long,bullish_retest_break,175998.646,175525.837,177077.814,175525.837,176592.888,177137.729,176522.477,177077.814,176779.796,175961.022,5,6,discount,177677.2195,1551.977,3103.954,180181.768,2.0,True,BUY,True,True,True,True,True,True,True,True,True,True,LOSS,2026-08-12 03:45:00+00:00,175525.837,15,2.0,-1.0,Stop Loss alcanzado.
2026-08-12 09:30:00+00:00,2026-08-12 09:50:00+00:00,2026-08-12 10:45:00+00:00,2026-08-12 10:45:00+00:00,long,bullish_retest_break,177115.156,176452.143,176713.72,176452.143,176015.967,176713.72,175866.619,176713.72,176505.872,175945.473,4,15,discount,178556.70750000002,261.577,523.154,177236.874,2.0,True,BUY,True,True,True,True,True,True,True,True,True,True,LOSS,2026-08-12 10:50:00+00:00,176452.143,1,2.0,-1.0,Stop Loss alcanzado.
2026-08-12 20:10:00+00:00,2026-08-12 20:35:00+00:00,2026-08-12 20:45:00+00:00,2026-08-12 20:45:00+00:00,long,bullish_retest_break,172711.655,171849.18,172148.34,171849.18,171731.353,172344.462,171603.26,172148.34,172085.192,171278.909,5,7,discount,172565.273,299.16,598.32,172746.66,2.0,True,BUY,True,True,True,True,True,True,True,True,True,True,WIN,2026-08-12 20:55:00+00:00,172746.66,2,2.0,2.0,Take Profit alcanzado.
2026-08-12 19:35:00+00:00,2026-08-12 20:40:00+00:00,2026-08-12 20:45:00+00:00,2026-08-12 20:45:00+00:00,long,bullish_retest_break,171340.62,170695.329,172148.34,170695.329,171731.353,172344.462,171603.26,172148.34,172085.192,171278.909,13,14,discount,172695.4475,1453.011,2906.022,175054.362,2.0,True,BUY,True,True,True,True,True,True,True,True,True,True,WIN,2026-08-12 21:10:00+00:00,175054.362,5,2.0,2.0,Take Profit alcanzado.
2026-08-14 01:40:00+00:00,2026-08-14 03:15:00+00:00,2026-08-14 03:45:00+00:00,2026-08-14 03:45:00+00:00,long,bullish_retest_break,172026.76,171591.74,172021.51,171591.74,171829.064,172146.875,171464.084,172021.51,171900.158,171488.865,19,25,discount,175506.2395,429.77,859.54,172881.05,2.0,True,BUY,True,True,True,True,True,True,True,True,True,True,WIN,2026-08-14 04:05:00+00:00,172881.05,4,2.0,2.0,Take Profit alcanzado.
2026-08-14 04:35:00+00:00,2026-08-14 04:45:00+00:00,2026-08-14 05:25:00+00:00,2026-08-14 05:25:00+00:00,long,bullish_retest_break,172989.718,172540.115,173541.37,172540.115,172927.014,173780.498,172612.436,173541.37,173070.783,172557.662,2,10,discount,173296.338,1001.255,2002.51,175543.88,2.0,True,BUY,True,True,True,True,True,True,True,True,True,True,LOSS,2026-08-14 05:50:00+00:00,172540.115,5,2.0,-1.0,Stop Loss alcanzado.
2026-08-14 11:05:00+00:00,2026-08-14 11:20:00+00:00,2026-08-14 11:35:00+00:00,2026-08-14 11:35:00+00:00,long,bullish_retest_break,169849.752,169252.134,170485.849,169252.134,170309.559,170889.528,169980.27,170485.849,170471.993,170077.517,3,6,discount,171549.1065,1233.715,2467.43,172953.279,2.0,True,BUY,True,True,True,True,True,True,True,True,True,True,WIN,2026-08-14 12:10:00+00:00,172953.279,7,2.0,2.0,Take Profit alcanzado.
2026-08-14 11:45:00+00:00,2026-08-14 13:15:00+00:00,2026-08-14 13:35:00+00:00,2026-08-14 13:35:00+00:00,long,bullish_retest_break,170570.365,169776.173,170839.56,169776.173,170176.524,170859.602,169990.77,170839.56,170308.697,169911.652,18,22,discount,171299.778,1063.387,2126.774,172966.334,2.0,True,BUY,True,True,True,True,True,True,True,True,True,True,WIN,2026-08-14 14:40:00+00:00,172966.334,13,2.0,2.0,Take Profit alcanzado.
2026-08-16 06:20:00+00:00,2026-08-16 06:25:00+00:00,2026-08-16 06:45:00+00:00,2026-08-16 06:45:00+00:00,long,bullish_retest_break,178789.71,178090.948,179202.34,178090.948,178759.793,179399.756,178663.135,179202.34,178807.48,178174.03,1,5,discount,179707.764,1111.392,2222.784,181425.124,2.0,True,BUY,True,True,True,True,True,True,True,True,True,True,LOSS,2026-08-16 07:35:00+00:00,178090.948,10,2.0,-1.0,Stop Loss alcanzado.
2026-08-16 17:40:00+00:00,2026-08-16 17:50:00+00:00,2026-08-16 18:10:00+00:00,2026-08-16 18:10:00+00:00,short,bearish_retest_break,185987.338,185437.052,185116.46,185987.338,185731.587,185954.961,184958.675,185116.46,186228.295,185529.483,2,6,premium,183780.6295,870.878,1741.756,183374.704,2.0,True,SELL,True,True,True,True,True,True,True,True,True,True,WIN,2026-08-16 18:55:00+00:00,183374.704,9,2.0,2.0,Take Profit alcanzado.
2026-08-16 18:15:00+00:00,2026-08-16 18:25:00+00:00,2026-08-16 18:50:00+00:00,2026-08-16 18:50:00+00:00,short,bearish_retest_break,185819.3,185156.406,183510.063,185819.3,183986.201,184076.864,183430.656,183510.063,184593.709,183648.449,2,7,premium,184562.912,2309.237,4618.474,178891.589,2.0,True,SELL,True,True,True,True,True,True,True,True,True,True,LOSS,2026-08-16 19:35:00+00:00,185819.3,9,2.0,-1.0,Stop Loss alcanzado.
2026-08-16 22:25:00+00:00,2026-08-16 22:35:00+00:00,2026-08-16 23:05:00+00:00,2026-08-16 23:05:00+00:00,long,bullish_retest_break,184323.743,183670.935,183769.128,183670.935,183380.7,183769.128,182792.096,183769.128,183374.251,182434.364,2,8,discount,186320.802,98.193,196.386,183965.514,2.0,True,BUY,True,True,True,True,True,True,True,True,True,True,LOSS,2026-08-16 23:10:00+00:00,183670.935,1,2.0,-1.0,Stop Loss alcanzado.
2026-08-17 05:40:00+00:00,2026-08-17 07:45:00+00:00,2026-08-17 07:50:00+00:00,2026-08-17 07:50:00+00:00,long,bullish_retest_break,185541.998,185146.31,186451.588,185146.31,185704.153,186451.588,185603.179,186451.588,185792.063,185349.724,25,26,discount,185906.649,1305.278,2610.556,189062.144,2.0,True,BUY,True,True,True,True,True,True,True,True,True,True,WIN,2026-08-17 09:00:00+00:00,189062.144,14,2.0,2.0,Take Profit alcanzado.
2026-08-18 10:25:00+00:00,2026-08-18 11:20:00+00:00,2026-08-18 11:30:00+00:00,2026-08-18 11:30:00+00:00,long,bullish_retest_break,190913.261,190113.507,191112.538,190113.507,190755.805,191311.594,190751.668,191112.538,191013.438,190341.605,11,13,discount,193726.336,999.031,1998.062,193110.6,2.0,True,BUY,True,True,True,True,True,True,True,True,True,True,LOSS,2026-08-18 11:50:00+00:00,190113.507,4,2.0,-1.0,Stop Loss alcanzado.
2026-08-18 15:30:00+00:00,2026-08-18 15:35:00+00:00,2026-08-18 15:45:00+00:00,2026-08-18 15:45:00+00:00,long,bullish_retest_break,188270.386,187871.989,189754.176,187871.989,188458.132,189754.176,188422.121,189754.176,188703.676,187803.517,1,3,discount,189265.3515,1882.187,3764.374,193518.55,2.0,True,BUY,True,True,True,True,True,True,True,True,True,True,WIN,2026-08-18 17:55:00+00:00,193518.55,26,2.0,2.0,Take Profit alcanzado.
2026-08-19 05:45:00+00:00,2026-08-19 06:30:00+00:00,2026-08-19 06:45:00+00:00,2026-08-19 06:45:00+00:00,short,bearish_retest_break,202096.47,201414.103,201353.348,202096.47,201649.661,202185.107,201193.421,201353.348,201855.372,201441.951,9,12,premium,198793.0065,743.122,1486.244,199867.104,2.0,True,SELL,True,True,True,True,True,True,True,True,True,True,LOSS,2026-08-19 07:00:00+00:00,202096.47,3,2.0,-1.0,Stop Loss alcanzado.
2026-08-20 12:40:00+00:00,2026-08-20 12:45:00+00:00,2026-08-20 14:25:00+00:00,2026-08-20 14:25:00+00:00,short,bearish_retest_break,206828.848,206013.917,205859.07,206828.848,206947.506,206947.906,205835.231,205859.07,207592.762,206739.605,1,21,premium,205389.3675,969.778,1939.556,203919.514,2.0,True,SELL,True,True,True,True,True,True,True,True,True,True,LOSS,2026-08-20 15:00:00+00:00,206828.848,7,2.0,-1.0,Stop Loss alcanzado.
2026-08-20 19:55:00+00:00,2026-08-20 20:10:00+00:00,2026-08-20 20:15:00+00:00,2026-08-20 20:15:00+00:00,long,bullish_retest_break,206437.398,205418.703,207957.002,205418.703,207142.924,208263.22,206831.146,207957.002,207160.24,206409.342,3,4,discount,206113.6975,2538.299,5076.598,213033.6,2.0,True,BUY,True,True,True,True,True,True,True,True,True,True,LOSS,2026-08-20 21:05:00+00:00,205418.703,10,2.0,-1.0,Stop Loss alcanzado.
2026-08-20 22:35:00+00:00,2026-08-20 22:50:00+00:00,2026-08-20 23:00:00+00:00,2026-08-20 23:00:00+00:00,short,bearish_retest_break,207801.754,207112.088,206528.66,207801.754,207160.481,207297.447,206528.66,206528.66,207792.44,206867.107,3,5,premium,206113.6975,1273.094,2546.188,203982.472,2.0,True,SELL,True,True,True,True,True,True,True,True,True,True,LOSS,2026-08-21 01:25:00+00:00,207801.754,29,2.0,-1.0,Stop Loss alcanzado.
2026-08-20 23:05:00+00:00,2026-08-21 00:10:00+00:00,2026-08-21 00:35:00+00:00,2026-08-21 00:35:00+00:00,short,bearish_retest_break,207659.268,206454.035,206216.804,207659.268,206781.293,206862.784,206094.262,206216.804,206979.656,206356.562,13,18,premium,206113.6975,1442.464,2884.928,203331.876,2.0,True,SELL,True,True,True,True,True,True,True,True,True,True,LOSS,2026-08-21 01:20:00+00:00,207659.268,9,2.0,-1.0,Stop Loss alcanzado.
2026-08-22 11:20:00+00:00,2026-08-22 11:40:00+00:00,2026-08-22 12:20:00+00:00,2026-08-22 12:20:00+00:00,long,bullish_retest_break,197730.869,197003.585,197069.217,197003.585,196219.097,197138.05,196108.95,197069.217,196441.194,195898.369,4,12,discount,198164.0935,65.632,131.264,197200.481,2.0,True,BUY,True,True,True,True,True,True,True,True,True,True,AMBIGUOUS,2026-08-22 12:25:00+00:00,,1,2.0,0.0,Stop Loss y Take Profit fueron alcanzados en la misma vela.
2026-08-23 08:30:00+00:00,2026-08-23 08:50:00+00:00,2026-08-23 09:10:00+00:00,2026-08-23 09:10:00+00:00,long,bullish_retest_break,192752.52,191922.494,192908.891,191922.494,192237.558,192908.891,191763.487,192908.891,192405.661,191814.315,4,8,discount,194164.447,986.397,1972.794,194881.685,2.0,True,BUY,True,True,True,True,True,True,True,True,True,True,LOSS,2026-08-23 09:15:00+00:00,191922.494,1,2.0,-1.0,Stop Loss alcanzado.
2026-08-23 10:30:00+00:00,2026-08-23 12:30:00+00:00,2026-08-23 12:40:00+00:00,2026-08-23 12:40:00+00:00,long,bullish_retest_break,192554.234,191913.745,192912.265,191913.745,192455.913,193026.759,192288.327,192912.265,192856.467,192310.843,24,26,discount,194164.447,998.52,1997.04,194909.305,2.0,True,BUY,True,True,True,True,True,True,True,True,True,True,LOSS,2026-08-23 13:55:00+00:00,191913.745,15,2.0,-1.0,Stop Loss alcanzado.
2026-08-23 11:15:00+00:00,2026-08-23 12:25:00+00:00,2026-08-23 12:45:00+00:00,2026-08-23 12:45:00+00:00,long,bullish_retest_break,193685.372,193126.745,193398.659,193126.745,192802.443,193398.659,192802.443,193398.659,193026.759,192288.327,14,18,discount,194095.4175,271.914,543.828,193942.487,2.0,True,BUY,True,True,True,True,True,True,True,True,True,True,LOSS,2026-08-23 12:50:00+00:00,193126.745,1,2.0,-1.0,Stop Loss alcanzado.
2026-08-23 13:20:00+00:00,2026-08-23 13:30:00+00:00,2026-08-23 14:05:00+00:00,2026-08-23 14:05:00+00:00,long,bullish_retest_break,192989.613,192370.971,192629.235,192370.971,192272.091,192827.772,192203.419,192629.235,192229.196,191491.444,2,9,discount,193578.2605,258.264,516.528,193145.763,2.0,True,BUY,True,True,True,True,True,True,True,True,True,True,LOSS,2026-08-23 14:10:00+00:00,192370.971,1,2.0,-1.0,Stop Loss alcanzado.
2026-08-23 18:35:00+00:00,2026-08-23 18:45:00+00:00,2026-08-23 19:00:00+00:00,2026-08-23 19:00:00+00:00,short,bearish_retest_break,193611.663,192961.628,191890.348,193611.663,192863.746,192889.35,191890.348,191890.348,193582.89,192613.747,2,5,premium,193197.5205,1721.315,3442.63,188447.718,2.0,True,SELL,True,True,True,True,True,True,True,True,True,True,LOSS,2026-08-23 19:40:00+00:00,193611.663,8,2.0,-1.0,Stop Loss alcanzado.
